{
    "training_results": {
        "lstm_rmse": 0.09066446870565414,
        "transformer_rmse": 0.10984032601118088,
        "physics_rmse": 0.08928703516721725
    },
    "final_evaluation": {
        "lstm_rmse": 0.09066446870565414,
        "transformer_rmse": 0.10984032601118088,
        "physics_rmse": 0.08928703516721725,
        "ensemble_rmse": 0.08652002527517039,
        "weights": [
            0.3328945269219802,
            0.11269706273934882,
            0.554408410338671
        ]
    },
    "ga_optimized_weights": [
        0.3328945269219802,
        0.11269706273934882,
        0.554408410338671
    ],
    "ga_best_rmse": 0.08652002527517039
}