{
    "weights": [
        0.3328945269219802,
        0.11269706273934882,
        0.554408410338671
    ],
    "adaptation_rate": 0.1,
    "performance_history": {
        "lstm_cnn": [
            0.09066446870565414,
            0.09066446870565414,
            0.09066446870565414,
            0.09066446870565414,
            0.09066446870565414,
            0.09066446870565414,
            0.09066446870565414,
            0.09066446870565414,
            0.09066446870565414,
            0.09066446870565414,
            0.09066446870565414,
            0.09066446870565414,
            0.09066446870565414,
            0.09066446870565414,
            0.09066446870565414,
            0.09066446870565414,
            0.09066446870565414,
            0.09066446870565414,
            0.09066446870565414,
            0.09066446870565414,
            0.09066446870565414,
            0.09066446870565414,
            0.09066446870565414,
            0.09066446870565414,
            0.09066446870565414,
            0.09066446870565414,
            0.09066446870565414,
            0.09066446870565414,
            0.09066446870565414,
            0.09066446870565414,
            0.09066446870565414,
            0.09066446870565414,
            0.09066446870565414,
            0.09066446870565414,
            0.09066446870565414,
            0.09066446870565414,
            0.09066446870565414,
            0.09066446870565414,
            0.09066446870565414,
            0.09066446870565414,
            0.09066446870565414,
            0.09066446870565414,
            0.09066446870565414,
            0.09066446870565414,
            0.09066446870565414,
            0.09066446870565414,
            0.09066446870565414,
            0.09066446870565414,
            0.09066446870565414,
            0.09066446870565414,
            0.09066446870565414,
            0.09066446870565414,
            0.09066446870565414,
            0.09066446870565414,
            0.09066446870565414,
            0.09066446870565414,
            0.09066446870565414,
            0.09066446870565414,
            0.09066446870565414,
            0.09066446870565414,
            0.09066446870565414
        ],
        "transformer": [
            0.10984032601118088,
            0.10984032601118088,
            0.10984032601118088,
            0.10984032601118088,
            0.10984032601118088,
            0.10984032601118088,
            0.10984032601118088,
            0.10984032601118088,
            0.10984032601118088,
            0.10984032601118088,
            0.10984032601118088,
            0.10984032601118088,
            0.10984032601118088,
            0.10984032601118088,
            0.10984032601118088,
            0.10984032601118088,
            0.10984032601118088,
            0.10984032601118088,
            0.10984032601118088,
            0.10984032601118088,
            0.10984032601118088,
            0.10984032601118088,
            0.10984032601118088,
            0.10984032601118088,
            0.10984032601118088,
            0.10984032601118088,
            0.10984032601118088,
            0.10984032601118088,
            0.10984032601118088,
            0.10984032601118088,
            0.10984032601118088,
            0.10984032601118088,
            0.10984032601118088,
            0.10984032601118088,
            0.10984032601118088,
            0.10984032601118088,
            0.10984032601118088,
            0.10984032601118088,
            0.10984032601118088,
            0.10984032601118088,
            0.10984032601118088,
            0.10984032601118088,
            0.10984032601118088,
            0.10984032601118088,
            0.10984032601118088,
            0.10984032601118088,
            0.10984032601118088,
            0.10984032601118088,
            0.10984032601118088,
            0.10984032601118088,
            0.10984032601118088,
            0.10984032601118088,
            0.10984032601118088,
            0.10984032601118088,
            0.10984032601118088,
            0.10984032601118088,
            0.10984032601118088,
            0.10984032601118088,
            0.10984032601118088,
            0.10984032601118088,
            0.10984032601118088
        ],
        "physics": [
            0.08928703516721725,
            0.08928703516721725,
            0.08928703516721725,
            0.08928703516721725,
            0.08928703516721725,
            0.08928703516721725,
            0.08928703516721725,
            0.08928703516721725,
            0.08928703516721725,
            0.08928703516721725,
            0.08928703516721725,
            0.08928703516721725,
            0.08928703516721725,
            0.08928703516721725,
            0.08928703516721725,
            0.08928703516721725,
            0.08928703516721725,
            0.08928703516721725,
            0.08928703516721725,
            0.08928703516721725,
            0.08928703516721725,
            0.08928703516721725,
            0.08928703516721725,
            0.08928703516721725,
            0.08928703516721725,
            0.08928703516721725,
            0.08928703516721725,
            0.08928703516721725,
            0.08928703516721725,
            0.08928703516721725,
            0.08928703516721725,
            0.08928703516721725,
            0.08928703516721725,
            0.08928703516721725,
            0.08928703516721725,
            0.08928703516721725,
            0.08928703516721725,
            0.08928703516721725,
            0.08928703516721725,
            0.08928703516721725,
            0.08928703516721725,
            0.08928703516721725,
            0.08928703516721725,
            0.08928703516721725,
            0.08928703516721725,
            0.08928703516721725,
            0.08928703516721725,
            0.08928703516721725,
            0.08928703516721725,
            0.08928703516721725,
            0.08928703516721725,
            0.08928703516721725,
            0.08928703516721725,
            0.08928703516721725,
            0.08928703516721725,
            0.08928703516721725,
            0.08928703516721725,
            0.08928703516721725,
            0.08928703516721725,
            0.08928703516721725,
            0.08928703516721725
        ]
    }
}