{
    "training_results": {
        "lstm_rmse": 0.09012813121080399,
        "transformer_rmse": 0.10555922985076904,
        "physics_rmse": 0.09328954666852951
    },
    "final_evaluation": {
        "lstm_rmse": 0.09012813121080399,
        "transformer_rmse": 0.10555922985076904,
        "physics_rmse": 0.09328954666852951,
        "ensemble_rmse": 0.0879868953179072,
        "weights": [
            0.4112718230112874,
            0.20902811908030222,
            0.37970005790841027
        ]
    },
    "ga_optimized_weights": [
        0.4112718230112874,
        0.20902811908030222,
        0.37970005790841027
    ],
    "ga_best_rmse": 0.0879868953179072
}