{
    "weights": [
        0.4112718230112874,
        0.20902811908030222,
        0.37970005790841027
    ],
    "adaptation_rate": 0.1,
    "performance_history": {
        "lstm_cnn": [
            0.09012813121080399,
            0.09012813121080399,
            0.09012813121080399,
            0.09012813121080399,
            0.09012813121080399,
            0.09012813121080399,
            0.09012813121080399,
            0.09012813121080399,
            0.09012813121080399,
            0.09012813121080399,
            0.09012813121080399,
            0.09012813121080399,
            0.09012813121080399,
            0.09012813121080399,
            0.09012813121080399,
            0.09012813121080399,
            0.09012813121080399,
            0.09012813121080399,
            0.09012813121080399,
            0.09012813121080399,
            0.09012813121080399,
            0.09012813121080399,
            0.09012813121080399,
            0.09012813121080399,
            0.09012813121080399,
            0.09012813121080399,
            0.09012813121080399,
            0.09012813121080399,
            0.09012813121080399,
            0.09012813121080399,
            0.09012813121080399,
            0.09012813121080399,
            0.09012813121080399,
            0.09012813121080399,
            0.09012813121080399,
            0.09012813121080399,
            0.09012813121080399,
            0.09012813121080399,
            0.09012813121080399,
            0.09012813121080399,
            0.09012813121080399,
            0.09012813121080399,
            0.09012813121080399,
            0.09012813121080399,
            0.09012813121080399,
            0.09012813121080399,
            0.09012813121080399,
            0.09012813121080399,
            0.09012813121080399,
            0.09012813121080399,
            0.09012813121080399,
            0.09012813121080399,
            0.09012813121080399,
            0.09012813121080399,
            0.09012813121080399,
            0.09012813121080399,
            0.09012813121080399,
            0.09012813121080399,
            0.09012813121080399,
            0.09012813121080399,
            0.09012813121080399
        ],
        "transformer": [
            0.10555922985076904,
            0.10555922985076904,
            0.10555922985076904,
            0.10555922985076904,
            0.10555922985076904,
            0.10555922985076904,
            0.10555922985076904,
            0.10555922985076904,
            0.10555922985076904,
            0.10555922985076904,
            0.10555922985076904,
            0.10555922985076904,
            0.10555922985076904,
            0.10555922985076904,
            0.10555922985076904,
            0.10555922985076904,
            0.10555922985076904,
            0.10555922985076904,
            0.10555922985076904,
            0.10555922985076904,
            0.10555922985076904,
            0.10555922985076904,
            0.10555922985076904,
            0.10555922985076904,
            0.10555922985076904,
            0.10555922985076904,
            0.10555922985076904,
            0.10555922985076904,
            0.10555922985076904,
            0.10555922985076904,
            0.10555922985076904,
            0.10555922985076904,
            0.10555922985076904,
            0.10555922985076904,
            0.10555922985076904,
            0.10555922985076904,
            0.10555922985076904,
            0.10555922985076904,
            0.10555922985076904,
            0.10555922985076904,
            0.10555922985076904,
            0.10555922985076904,
            0.10555922985076904,
            0.10555922985076904,
            0.10555922985076904,
            0.10555922985076904,
            0.10555922985076904,
            0.10555922985076904,
            0.10555922985076904,
            0.10555922985076904,
            0.10555922985076904,
            0.10555922985076904,
            0.10555922985076904,
            0.10555922985076904,
            0.10555922985076904,
            0.10555922985076904,
            0.10555922985076904,
            0.10555922985076904,
            0.10555922985076904,
            0.10555922985076904,
            0.10555922985076904
        ],
        "physics": [
            0.09328954666852951,
            0.09328954666852951,
            0.09328954666852951,
            0.09328954666852951,
            0.09328954666852951,
            0.09328954666852951,
            0.09328954666852951,
            0.09328954666852951,
            0.09328954666852951,
            0.09328954666852951,
            0.09328954666852951,
            0.09328954666852951,
            0.09328954666852951,
            0.09328954666852951,
            0.09328954666852951,
            0.09328954666852951,
            0.09328954666852951,
            0.09328954666852951,
            0.09328954666852951,
            0.09328954666852951,
            0.09328954666852951,
            0.09328954666852951,
            0.09328954666852951,
            0.09328954666852951,
            0.09328954666852951,
            0.09328954666852951,
            0.09328954666852951,
            0.09328954666852951,
            0.09328954666852951,
            0.09328954666852951,
            0.09328954666852951,
            0.09328954666852951,
            0.09328954666852951,
            0.09328954666852951,
            0.09328954666852951,
            0.09328954666852951,
            0.09328954666852951,
            0.09328954666852951,
            0.09328954666852951,
            0.09328954666852951,
            0.09328954666852951,
            0.09328954666852951,
            0.09328954666852951,
            0.09328954666852951,
            0.09328954666852951,
            0.09328954666852951,
            0.09328954666852951,
            0.09328954666852951,
            0.09328954666852951,
            0.09328954666852951,
            0.09328954666852951,
            0.09328954666852951,
            0.09328954666852951,
            0.09328954666852951,
            0.09328954666852951,
            0.09328954666852951,
            0.09328954666852951,
            0.09328954666852951,
            0.09328954666852951,
            0.09328954666852951,
            0.09328954666852951
        ]
    }
}