{
    "best_f1_macro": 0.7383926720211774,
    "hyperparams": {
        "learning_rate": 0.0004947795232114462,
        "batch_size": 32,
        "lstm_hidden_size": 64,
        "num_lstm_layers": 3,
        "dropout_rate": 0.23881299552770124,
        "cnn_filters": 128
    }
}